STT,MSSV,TEN,LOP,DIEM GIUA KI,DIEM CUOI KI,DIEM KHAC,TONG KET
1,20120442,Nguyen Huu Chinh,20CTT3,10.000000,10.000000,10.000000,10.000000
2,20120433,nguyen van A,20ctt2,8,8,5,7.3
3,20120422,le thi B,20ctt3,7,5,2,5.5
4,20120322,nguyen van C,20vld1,7,5,2,5.5
5,20120597,tran van D,20ctt3,7,5,2,5.5